[
  {
    "name": "Star Sports 1 HD",
    "logoUri": "Star_Sports_HD1.webp",
    "streamUrl": "https://streamcrichd.com/update/star.php"
  },
  {
    "name": "Channel 2",
    "logoUri": "",
    "streamUrl": ""
  },
  {
    "name": "Channel 3",
    "logoUri": "",
    "streamUrl": ""
  },
  {
    "name": "Channel 4",
    "logoUri": "",
    "streamUrl": ""
  },
  {
    "name": "Channel 5",
    "logoUri": "",
    "streamUrl": ""
  },
  {
    "name": "Channel 6",
    "logoUri": "",
    "streamUrl": ""
  }
]